[{"fields": {"name": "log entry", "app_label": "admin", "model": "logentry"}, "model": "contenttypes.contenttype", "pk": 1}, {"fields": {"name": "permission", "app_label": "auth", "model": "permission"}, "model": "contenttypes.contenttype", "pk": 2}, {"fields": {"name": "group", "app_label": "auth", "model": "group"}, "model": "contenttypes.contenttype", "pk": 3}, {"fields": {"name": "user", "app_label": "auth", "model": "user"}, "model": "contenttypes.contenttype", "pk": 4}, {"fields": {"name": "content type", "app_label": "contenttypes", "model": "contenttype"}, "model": "contenttypes.contenttype", "pk": 5}, {"fields": {"name": "session", "app_label": "sessions", "model": "session"}, "model": "contenttypes.contenttype", "pk": 6}, {"fields": {"name": "Promotion", "app_label": "census", "model": "promotion"}, "model": "contenttypes.contenttype", "pk": 7}, {"fields": {"name": "Amphith\u00e9\u00e2tre", "app_label": "census", "model": "amphi"}, "model": "contenttypes.contenttype", "pk": 8}, {"fields": {"name": "Cours", "app_label": "census", "model": "course"}, "model": "contenttypes.contenttype", "pk": 9}, {"fields": {"name": "Professeur", "app_label": "census", "model": "professor"}, "model": "contenttypes.contenttype", "pk": 10}, {"fields": {"name": "S\u00e9ance", "app_label": "census", "model": "lesson"}, "model": "contenttypes.contenttype", "pk": 11}, {"fields": {"name": "Comptage", "app_label": "census", "model": "count"}, "model": "contenttypes.contenttype", "pk": 12}, {"fields": {"expire_date": "2015-03-29T20:49:38.311Z", "session_data": "YzQ3ODk4ODBhZjRjOTYzNjk3NTg5ZjY4NGNmOTk4YWIwMmU2OWRkMDp7Il9hdXRoX3VzZXJfaGFzaCI6IjQzY2M2YjU4YjE2NThlMTRiMjZlOWNjMzdjNmRjNzhlZTAwYTVlMmYiLCJfYXV0aF91c2VyX2JhY2tlbmQiOiJkamFuZ28uY29udHJpYi5hdXRoLmJhY2tlbmRzLk1vZGVsQmFja2VuZCIsIl9hdXRoX3VzZXJfaWQiOjF9"}, "model": "sessions.session", "pk": "cjjgpgnso5yh2prurcho3fmjjo1gxgyt"}, {"fields": {"expire_date": "2015-03-29T15:49:32.358Z", "session_data": "MDNhZmZiNWFiYzUxMmIwNTUwNzcxNmNmMTdmMzMzOGJiNjliMDdlNjp7fQ=="}, "model": "sessions.session", "pk": "ylnsli9z1eooonbhnhd6eoa6cttvn302"}, {"fields": {"number": 2013}, "model": "census.promotion", "pk": 1}, {"fields": {"number": 2014}, "model": "census.promotion", "pk": 2}, {"fields": {"name": "Arago", "capacity": 519}, "model": "census.amphi", "pk": 1}, {"fields": {"name": "Poincar\u00e9", "capacity": 780}, "model": "census.amphi", "pk": 2}, {"fields": {"promotion": 1, "name": "HSS431", "enrolled": 503}, "model": "census.course", "pk": 1}, {"fields": {"promotion": 1, "name": "Amphis 0", "enrolled": 503}, "model": "census.course", "pk": 2}, {"fields": {"promotion": 1, "name": "Conf\u00e9rences scientifiques", "enrolled": 503}, "model": "census.course", "pk": 3}, {"fields": {"promotion": 2, "name": "Amphis 0", "enrolled": 512}, "model": "census.course", "pk": 4}, {"fields": {"promotion": 2, "name": "Conf\u00e9rences scientifiques", "enrolled": 512}, "model": "census.course", "pk": 5}, {"fields": {"name": "Michael Foessel"}, "model": "census.professor", "pk": 1}, {"fields": {"name": "Alain Finkelkraut"}, "model": "census.professor", "pk": 2}, {"fields": {"course": 1, "amphi": 1, "date": "2014-08-28", "professor": 1, "title": "", "number": 1}, "model": "census.lesson", "pk": 1}, {"fields": {"course": 1, "amphi": 1, "date": "2014-09-04", "professor": 1, "title": "", "number": 2}, "model": "census.lesson", "pk": 2}, {"fields": {"course": 1, "amphi": 1, "date": "2014-09-11", "professor": 1, "title": "", "number": 3}, "model": "census.lesson", "pk": 3}, {"fields": {"course": 1, "amphi": 1, "date": "2014-09-18", "professor": 1, "title": "", "number": 4}, "model": "census.lesson", "pk": 4}, {"fields": {"course": 1, "amphi": 1, "date": "2014-09-25", "professor": 1, "title": "", "number": 5}, "model": "census.lesson", "pk": 5}, {"fields": {"course": 1, "amphi": 1, "date": "2014-10-02", "professor": 1, "title": "", "number": 6}, "model": "census.lesson", "pk": 6}, {"fields": {"course": 1, "amphi": 1, "date": "2014-10-09", "professor": 2, "title": "", "number": 7}, "model": "census.lesson", "pk": 7}, {"fields": {"course": 1, "amphi": 1, "date": "2014-10-23", "professor": 2, "title": "The Finkie show", "number": 8}, "model": "census.lesson", "pk": 8}, {"fields": {"course": 1, "amphi": 1, "date": "2014-11-06", "professor": 1, "title": "", "number": 9}, "model": "census.lesson", "pk": 9}, {"fields": {"course": 2, "amphi": 2, "date": "2014-04-16", "professor": null, "title": "Biologie", "number": 6}, "model": "census.lesson", "pk": 10}, {"fields": {"course": 2, "amphi": 2, "date": "2014-04-16", "professor": null, "title": "Chimie", "number": 7}, "model": "census.lesson", "pk": 11}, {"fields": {"course": 2, "amphi": 2, "date": "2014-04-17", "professor": null, "title": "HSS", "number": 8}, "model": "census.lesson", "pk": 12}, {"fields": {"course": 2, "amphi": 2, "date": "2014-04-17", "professor": null, "title": "M\u00e9canique", "number": 9}, "model": "census.lesson", "pk": 13}, {"fields": {"course": 2, "amphi": 2, "date": "2014-04-18", "professor": null, "title": "\u00c9conomie", "number": 10}, "model": "census.lesson", "pk": 14}, {"fields": {"course": 2, "amphi": 2, "date": "2014-04-09", "professor": null, "title": "Physique", "number": 1}, "model": "census.lesson", "pk": 15}, {"fields": {"course": 2, "amphi": 2, "date": "2014-04-09", "professor": null, "title": "Sport", "number": 2}, "model": "census.lesson", "pk": 16}, {"fields": {"course": 2, "amphi": 2, "date": "2014-04-10", "professor": null, "title": "Informatique", "number": 3}, "model": "census.lesson", "pk": 17}, {"fields": {"course": 2, "amphi": 2, "date": "2014-04-10", "professor": null, "title": "Langues", "number": 4}, "model": "census.lesson", "pk": 18}, {"fields": {"course": 2, "amphi": 2, "date": "2014-04-11", "professor": null, "title": "Math\u00e9matiques", "number": 5}, "model": "census.lesson", "pk": 19}, {"fields": {"course": 3, "amphi": 2, "date": "2014-04-16", "professor": null, "title": "Biologie", "number": 1}, "model": "census.lesson", "pk": 20}, {"fields": {"course": 3, "amphi": 2, "date": "2014-04-17", "professor": null, "title": "\u00c9conomie", "number": 2}, "model": "census.lesson", "pk": 21}, {"fields": {"course": 3, "amphi": 2, "date": "2014-04-24", "professor": null, "title": "Physique", "number": 3}, "model": "census.lesson", "pk": 22}, {"fields": {"course": 3, "amphi": 2, "date": "2014-04-30", "professor": null, "title": "Chimie", "number": 4}, "model": "census.lesson", "pk": 23}, {"fields": {"course": 3, "amphi": 1, "date": "2014-05-15", "professor": null, "title": "M\u00e9canique", "number": 5}, "model": "census.lesson", "pk": 24}, {"fields": {"course": 3, "amphi": 1, "date": "2014-05-22", "professor": null, "title": "Math\u00e9matiques appliqu\u00e9es", "number": 6}, "model": "census.lesson", "pk": 25}, {"fields": {"course": 3, "amphi": 1, "date": "2014-06-05", "professor": null, "title": "Math\u00e9matiques", "number": 7}, "model": "census.lesson", "pk": 26}, {"fields": {"course": 3, "amphi": 1, "date": "2014-06-12", "professor": null, "title": "HSS", "number": 8}, "model": "census.lesson", "pk": 27}, {"fields": {"course": 3, "amphi": 1, "date": "2014-06-19", "professor": null, "title": "Informatique", "number": 9}, "model": "census.lesson", "pk": 28}, {"fields": {"course": 4, "amphi": 2, "date": "2015-04-01", "professor": null, "title": "Physique", "number": 1}, "model": "census.lesson", "pk": 29}, {"fields": {"course": 4, "amphi": 1, "date": "2015-04-01", "professor": null, "title": "Sport", "number": 2}, "model": "census.lesson", "pk": 30}, {"fields": {"course": 4, "amphi": 2, "date": "2015-04-02", "professor": null, "title": "Informatique", "number": 3}, "model": "census.lesson", "pk": 31}, {"fields": {"course": 4, "amphi": 2, "date": "2015-04-02", "professor": null, "title": "Langues", "number": 4}, "model": "census.lesson", "pk": 32}, {"fields": {"course": 4, "amphi": 2, "date": "2015-04-03", "professor": null, "title": "Math\u00e9matiques", "number": 5}, "model": "census.lesson", "pk": 33}, {"fields": {"course": 4, "amphi": 1, "date": "2015-04-03", "professor": null, "title": "Math\u00e9matiques appliqu\u00e9es", "number": 6}, "model": "census.lesson", "pk": 34}, {"fields": {"course": 4, "amphi": 2, "date": "2015-04-08", "professor": null, "title": "Biologie", "number": 7}, "model": "census.lesson", "pk": 35}, {"fields": {"course": 4, "amphi": 2, "date": "2015-04-08", "professor": null, "title": "Chimie", "number": 8}, "model": "census.lesson", "pk": 36}, {"fields": {"course": 4, "amphi": 2, "date": "2015-04-09", "professor": null, "title": "HSS", "number": 9}, "model": "census.lesson", "pk": 37}, {"fields": {"course": 4, "amphi": 2, "date": "2015-04-09", "professor": null, "title": "M\u00e9canique", "number": 10}, "model": "census.lesson", "pk": 38}, {"fields": {"course": 4, "amphi": 2, "date": "2015-04-10", "professor": null, "title": "\u00c9conomie", "number": 11}, "model": "census.lesson", "pk": 39}, {"fields": {"course": 5, "amphi": 2, "date": "2015-04-08", "professor": null, "title": "\u00c9conomie", "number": 1}, "model": "census.lesson", "pk": 40}, {"fields": {"course": 5, "amphi": 2, "date": "2015-04-09", "professor": null, "title": "Math\u00e9matiques", "number": 2}, "model": "census.lesson", "pk": 41}, {"fields": {"course": 5, "amphi": 2, "date": "2015-04-23", "professor": null, "title": "Math\u00e9matiques appliqu\u00e9es", "number": 3}, "model": "census.lesson", "pk": 42}, {"fields": {"course": 5, "amphi": 2, "date": "2015-05-07", "professor": null, "title": "M\u00e9canique", "number": 4}, "model": "census.lesson", "pk": 43}, {"fields": {"course": 5, "amphi": 2, "date": "2015-06-04", "professor": null, "title": "Chimie", "number": 5}, "model": "census.lesson", "pk": 44}, {"fields": {"course": 5, "amphi": 2, "date": "2014-06-09", "professor": null, "title": "HSS", "number": 6}, "model": "census.lesson", "pk": 45}, {"fields": {"course": 5, "amphi": 2, "date": "2015-06-16", "professor": null, "title": "Physique", "number": 8}, "model": "census.lesson", "pk": 46}, {"fields": {"course": 5, "amphi": 2, "date": "2015-06-25", "professor": null, "title": "Biologie", "number": 9}, "model": "census.lesson", "pk": 47}, {"fields": {"course": 5, "amphi": 2, "date": "2015-06-11", "professor": null, "title": "Innovation", "number": 7}, "model": "census.lesson", "pk": 48}, {"fields": {"course": 5, "amphi": 2, "date": "2015-06-09", "professor": null, "title": "HSS", "number": 6}, "model": "census.lesson", "pk": 49}, {"fields": {"date": "2015-03-15T13:07:35.543Z", "lesson": 1, "comment": "", "signature": "LAPI", "census": 430}, "model": "census.count", "pk": 1}, {"fields": {"date": "2015-03-15T13:14:26.138Z", "lesson": 2, "comment": "", "signature": "LAPI", "census": 333}, "model": "census.count", "pk": 2}, {"fields": {"date": "2015-03-15T13:14:58.774Z", "lesson": 3, "comment": "", "signature": "LAPI", "census": 329}, "model": "census.count", "pk": 3}, {"fields": {"date": "2015-03-15T13:15:12.689Z", "lesson": 4, "comment": "", "signature": "LAPI", "census": 325}, "model": "census.count", "pk": 4}, {"fields": {"date": "2015-03-15T13:15:24.296Z", "lesson": 5, "comment": "", "signature": "LAPI", "census": 277}, "model": "census.count", "pk": 5}, {"fields": {"date": "2015-03-15T13:15:34.467Z", "lesson": 6, "comment": "", "signature": "LAPI", "census": 218}, "model": "census.count", "pk": 6}, {"fields": {"date": "2015-03-15T13:15:50.786Z", "lesson": 7, "comment": "", "signature": "LAPI", "census": 189}, "model": "census.count", "pk": 7}, {"fields": {"date": "2015-03-15T13:16:03.234Z", "lesson": 8, "comment": "", "signature": "LAPI", "census": 233}, "model": "census.count", "pk": 8}, {"fields": {"date": "2015-03-15T13:16:14.888Z", "lesson": 9, "comment": "", "signature": "LAPI", "census": 209}, "model": "census.count", "pk": 9}, {"fields": {"date": "2015-03-15T14:01:59.791Z", "lesson": 10, "comment": "", "signature": "LAPI", "census": 314}, "model": "census.count", "pk": 10}, {"fields": {"date": "2015-03-15T14:02:14.923Z", "lesson": 11, "comment": "", "signature": "LAPI", "census": 273}, "model": "census.count", "pk": 11}, {"fields": {"date": "2015-03-15T14:02:53.128Z", "lesson": 12, "comment": "", "signature": "LAPI", "census": 352}, "model": "census.count", "pk": 12}, {"fields": {"date": "2015-03-15T14:04:07.978Z", "lesson": 13, "comment": "", "signature": "LAPI", "census": 349}, "model": "census.count", "pk": 13}, {"fields": {"date": "2015-03-15T14:04:20.386Z", "lesson": 14, "comment": "", "signature": "LAPI", "census": 369}, "model": "census.count", "pk": 14}, {"fields": {"date": "2015-03-15T14:15:55.315Z", "lesson": 21, "comment": "", "signature": "LAPI", "census": 378}, "model": "census.count", "pk": 15}, {"fields": {"content_type": 1, "name": "Can add log entry", "codename": "add_logentry"}, "model": "auth.permission", "pk": 1}, {"fields": {"content_type": 1, "name": "Can change log entry", "codename": "change_logentry"}, "model": "auth.permission", "pk": 2}, {"fields": {"content_type": 1, "name": "Can delete log entry", "codename": "delete_logentry"}, "model": "auth.permission", "pk": 3}, {"fields": {"content_type": 2, "name": "Can add permission", "codename": "add_permission"}, "model": "auth.permission", "pk": 4}, {"fields": {"content_type": 2, "name": "Can change permission", "codename": "change_permission"}, "model": "auth.permission", "pk": 5}, {"fields": {"content_type": 2, "name": "Can delete permission", "codename": "delete_permission"}, "model": "auth.permission", "pk": 6}, {"fields": {"content_type": 3, "name": "Can add group", "codename": "add_group"}, "model": "auth.permission", "pk": 7}, {"fields": {"content_type": 3, "name": "Can change group", "codename": "change_group"}, "model": "auth.permission", "pk": 8}, {"fields": {"content_type": 3, "name": "Can delete group", "codename": "delete_group"}, "model": "auth.permission", "pk": 9}, {"fields": {"content_type": 4, "name": "Can add user", "codename": "add_user"}, "model": "auth.permission", "pk": 10}, {"fields": {"content_type": 4, "name": "Can change user", "codename": "change_user"}, "model": "auth.permission", "pk": 11}, {"fields": {"content_type": 4, "name": "Can delete user", "codename": "delete_user"}, "model": "auth.permission", "pk": 12}, {"fields": {"content_type": 5, "name": "Can add content type", "codename": "add_contenttype"}, "model": "auth.permission", "pk": 13}, {"fields": {"content_type": 5, "name": "Can change content type", "codename": "change_contenttype"}, "model": "auth.permission", "pk": 14}, {"fields": {"content_type": 5, "name": "Can delete content type", "codename": "delete_contenttype"}, "model": "auth.permission", "pk": 15}, {"fields": {"content_type": 6, "name": "Can add session", "codename": "add_session"}, "model": "auth.permission", "pk": 16}, {"fields": {"content_type": 6, "name": "Can change session", "codename": "change_session"}, "model": "auth.permission", "pk": 17}, {"fields": {"content_type": 6, "name": "Can delete session", "codename": "delete_session"}, "model": "auth.permission", "pk": 18}, {"fields": {"content_type": 7, "name": "Can add Promotion", "codename": "add_promotion"}, "model": "auth.permission", "pk": 19}, {"fields": {"content_type": 7, "name": "Can change Promotion", "codename": "change_promotion"}, "model": "auth.permission", "pk": 20}, {"fields": {"content_type": 7, "name": "Can delete Promotion", "codename": "delete_promotion"}, "model": "auth.permission", "pk": 21}, {"fields": {"content_type": 8, "name": "Can add Amphith\u00e9\u00e2tre", "codename": "add_amphi"}, "model": "auth.permission", "pk": 22}, {"fields": {"content_type": 8, "name": "Can change Amphith\u00e9\u00e2tre", "codename": "change_amphi"}, "model": "auth.permission", "pk": 23}, {"fields": {"content_type": 8, "name": "Can delete Amphith\u00e9\u00e2tre", "codename": "delete_amphi"}, "model": "auth.permission", "pk": 24}, {"fields": {"content_type": 9, "name": "Can add Cours", "codename": "add_course"}, "model": "auth.permission", "pk": 25}, {"fields": {"content_type": 9, "name": "Can change Cours", "codename": "change_course"}, "model": "auth.permission", "pk": 26}, {"fields": {"content_type": 9, "name": "Can delete Cours", "codename": "delete_course"}, "model": "auth.permission", "pk": 27}, {"fields": {"content_type": 10, "name": "Can add Professeur", "codename": "add_professor"}, "model": "auth.permission", "pk": 28}, {"fields": {"content_type": 10, "name": "Can change Professeur", "codename": "change_professor"}, "model": "auth.permission", "pk": 29}, {"fields": {"content_type": 10, "name": "Can delete Professeur", "codename": "delete_professor"}, "model": "auth.permission", "pk": 30}, {"fields": {"content_type": 11, "name": "Can add S\u00e9ance", "codename": "add_lesson"}, "model": "auth.permission", "pk": 31}, {"fields": {"content_type": 11, "name": "Can change S\u00e9ance", "codename": "change_lesson"}, "model": "auth.permission", "pk": 32}, {"fields": {"content_type": 11, "name": "Can delete S\u00e9ance", "codename": "delete_lesson"}, "model": "auth.permission", "pk": 33}, {"fields": {"content_type": 12, "name": "Can add Comptage", "codename": "add_count"}, "model": "auth.permission", "pk": 34}, {"fields": {"content_type": 12, "name": "Can change Comptage", "codename": "change_count"}, "model": "auth.permission", "pk": 35}, {"fields": {"content_type": 12, "name": "Can delete Comptage", "codename": "delete_count"}, "model": "auth.permission", "pk": 36}, {"fields": {"email": "denis.merigoux@polytechnique.edu", "username": "denis.merigoux", "last_name": "", "is_superuser": true, "is_staff": true, "password": "pbkdf2_sha256$12000$5Jv128rDxS7p$ewbwjqpaJE50C7hospOZdnswQFZlGG89GM7rmNG47h4=", "is_active": true, "date_joined": "2015-03-15T12:58:29.373Z", "groups": [], "last_login": "2015-03-15T20:49:38.293Z", "first_name": "", "user_permissions": []}, "model": "auth.user", "pk": 1}, {"fields": {"content_type": 8, "object_id": "1", "action_time": "2015-03-15T12:59:02.975Z", "action_flag": 1, "user": 1, "change_message": "", "object_repr": "Arago"}, "model": "admin.logentry", "pk": 1}, {"fields": {"content_type": 8, "object_id": "2", "action_time": "2015-03-15T12:59:18.810Z", "action_flag": 1, "user": 1, "change_message": "", "object_repr": "Poincar\u00e9"}, "model": "admin.logentry", "pk": 2}, {"fields": {"content_type": 7, "object_id": "1", "action_time": "2015-03-15T12:59:26.454Z", "action_flag": 1, "user": 1, "change_message": "", "object_repr": "X2013"}, "model": "admin.logentry", "pk": 3}, {"fields": {"content_type": 7, "object_id": "2", "action_time": "2015-03-15T12:59:29.543Z", "action_flag": 1, "user": 1, "change_message": "", "object_repr": "X2014"}, "model": "admin.logentry", "pk": 4}, {"fields": {"content_type": 9, "object_id": "1", "action_time": "2015-03-15T13:00:03.024Z", "action_flag": 1, "user": 1, "change_message": "", "object_repr": "HSS431 (X2013)"}, "model": "admin.logentry", "pk": 5}, {"fields": {"content_type": 10, "object_id": "1", "action_time": "2015-03-15T13:00:41.455Z", "action_flag": 1, "user": 1, "change_message": "", "object_repr": "Michael Foessel"}, "model": "admin.logentry", "pk": 6}, {"fields": {"content_type": 11, "object_id": "1", "action_time": "2015-03-15T13:01:47.100Z", "action_flag": 1, "user": 1, "change_message": "", "object_repr": "HSS431 n\u00b01 :  (X2013, 2014-08-28)"}, "model": "admin.logentry", "pk": 7}, {"fields": {"content_type": 11, "object_id": "2", "action_time": "2015-03-15T13:02:00.953Z", "action_flag": 1, "user": 1, "change_message": "", "object_repr": "HSS431 n\u00b02 :  (X2013, 2014-09-04)"}, "model": "admin.logentry", "pk": 8}, {"fields": {"content_type": 11, "object_id": "3", "action_time": "2015-03-15T13:02:17.208Z", "action_flag": 1, "user": 1, "change_message": "", "object_repr": "HSS431 n\u00b03 :  (X2013, 2014-09-11)"}, "model": "admin.logentry", "pk": 9}, {"fields": {"content_type": 11, "object_id": "4", "action_time": "2015-03-15T13:02:30.811Z", "action_flag": 1, "user": 1, "change_message": "", "object_repr": "HSS431 n\u00b04 :  (X2013, 2014-09-18)"}, "model": "admin.logentry", "pk": 10}, {"fields": {"content_type": 11, "object_id": "5", "action_time": "2015-03-15T13:02:46.817Z", "action_flag": 1, "user": 1, "change_message": "", "object_repr": "HSS431 n\u00b05 :  (X2013, 2014-09-25)"}, "model": "admin.logentry", "pk": 11}, {"fields": {"content_type": 11, "object_id": "6", "action_time": "2015-03-15T13:02:59.251Z", "action_flag": 1, "user": 1, "change_message": "", "object_repr": "HSS431 n\u00b06 :  (X2013, 2014-10-01)"}, "model": "admin.logentry", "pk": 12}, {"fields": {"content_type": 10, "object_id": "2", "action_time": "2015-03-15T13:03:13.478Z", "action_flag": 1, "user": 1, "change_message": "", "object_repr": "Alain Finkelkraut"}, "model": "admin.logentry", "pk": 13}, {"fields": {"content_type": 11, "object_id": "7", "action_time": "2015-03-15T13:04:17.225Z", "action_flag": 1, "user": 1, "change_message": "", "object_repr": "HSS431 n\u00b07 :  (X2013, 2014-10-09)"}, "model": "admin.logentry", "pk": 14}, {"fields": {"content_type": 11, "object_id": "6", "action_time": "2015-03-15T13:04:26.327Z", "action_flag": 2, "user": 1, "change_message": "Changed date.", "object_repr": "HSS431 n\u00b06 :  (X2013, 2014-10-02)"}, "model": "admin.logentry", "pk": 15}, {"fields": {"content_type": 11, "object_id": "8", "action_time": "2015-03-15T13:04:55.783Z", "action_flag": 1, "user": 1, "change_message": "", "object_repr": "HSS431 n\u00b08 : The Finkie show (X2013, 2014-10-23)"}, "model": "admin.logentry", "pk": 16}, {"fields": {"content_type": 11, "object_id": "9", "action_time": "2015-03-15T13:05:23.928Z", "action_flag": 1, "user": 1, "change_message": "", "object_repr": "HSS431 n\u00b09 :  (X2013, 2014-11-06)"}, "model": "admin.logentry", "pk": 17}, {"fields": {"content_type": 12, "object_id": "1", "action_time": "2015-03-15T13:07:35.543Z", "action_flag": 1, "user": 1, "change_message": "", "object_repr": "HSS431 n\u00b01 :  (X2013, 2014-08-28) : 430/503"}, "model": "admin.logentry", "pk": 18}, {"fields": {"content_type": 9, "object_id": "2", "action_time": "2015-03-15T13:56:19.253Z", "action_flag": 1, "user": 1, "change_message": "", "object_repr": "Amphis 0 (X2013)"}, "model": "admin.logentry", "pk": 19}, {"fields": {"content_type": 11, "object_id": "10", "action_time": "2015-03-15T13:57:45.354Z", "action_flag": 1, "user": 1, "change_message": "", "object_repr": "Amphis 0 n\u00b01 : Biologie (X2013, 2014-04-16)"}, "model": "admin.logentry", "pk": 20}, {"fields": {"content_type": 11, "object_id": "11", "action_time": "2015-03-15T13:58:01.749Z", "action_flag": 1, "user": 1, "change_message": "", "object_repr": "Amphis 0 n\u00b02 : Chimie (X2013, 2014-04-16)"}, "model": "admin.logentry", "pk": 21}, {"fields": {"content_type": 11, "object_id": "12", "action_time": "2015-03-15T13:59:00.421Z", "action_flag": 1, "user": 1, "change_message": "", "object_repr": "Amphis 0 n\u00b03 : HSS (X2013, 2014-04-17)"}, "model": "admin.logentry", "pk": 22}, {"fields": {"content_type": 11, "object_id": "13", "action_time": "2015-03-15T13:59:35.116Z", "action_flag": 1, "user": 1, "change_message": "", "object_repr": "Amphis 0 n\u00b04 : M\u00e9canique (X2013, 2014-04-17)"}, "model": "admin.logentry", "pk": 23}, {"fields": {"content_type": 11, "object_id": "14", "action_time": "2015-03-15T13:59:54.210Z", "action_flag": 1, "user": 1, "change_message": "", "object_repr": "Amphis 0 n\u00b05 : \u00c9conomie (X2013, 2014-04-18)"}, "model": "admin.logentry", "pk": 24}, {"fields": {"content_type": 11, "object_id": "15", "action_time": "2015-03-15T14:07:42.643Z", "action_flag": 1, "user": 1, "change_message": "", "object_repr": "Amphis 0 n\u00b01 : Physique (X2013, 2014-04-09)"}, "model": "admin.logentry", "pk": 25}, {"fields": {"content_type": 11, "object_id": "16", "action_time": "2015-03-15T14:07:58.649Z", "action_flag": 1, "user": 1, "change_message": "", "object_repr": "Amphis 0 n\u00b02 : Sport (X2013, 2014-04-09)"}, "model": "admin.logentry", "pk": 26}, {"fields": {"content_type": 11, "object_id": "17", "action_time": "2015-03-15T14:08:14.281Z", "action_flag": 1, "user": 1, "change_message": "", "object_repr": "Amphis 0 n\u00b03 : Informatique (X2013, 2014-04-10)"}, "model": "admin.logentry", "pk": 27}, {"fields": {"content_type": 11, "object_id": "18", "action_time": "2015-03-15T14:08:30.489Z", "action_flag": 1, "user": 1, "change_message": "", "object_repr": "Amphis 0 n\u00b04 : Langues (X2013, 2014-04-10)"}, "model": "admin.logentry", "pk": 28}, {"fields": {"content_type": 11, "object_id": "19", "action_time": "2015-03-15T14:08:51.690Z", "action_flag": 1, "user": 1, "change_message": "", "object_repr": "Amphis 0 n\u00b05 : Math\u00e9matiques (X2013, 2014-04-11)"}, "model": "admin.logentry", "pk": 29}, {"fields": {"content_type": 11, "object_id": "10", "action_time": "2015-03-15T14:09:03.811Z", "action_flag": 2, "user": 1, "change_message": "Changed number.", "object_repr": "Amphis 0 n\u00b06 : Biologie (X2013, 2014-04-16)"}, "model": "admin.logentry", "pk": 30}, {"fields": {"content_type": 11, "object_id": "11", "action_time": "2015-03-15T14:09:28.242Z", "action_flag": 2, "user": 1, "change_message": "Changed number.", "object_repr": "Amphis 0 n\u00b07 : Chimie (X2013, 2014-04-16)"}, "model": "admin.logentry", "pk": 31}, {"fields": {"content_type": 11, "object_id": "12", "action_time": "2015-03-15T14:09:36.541Z", "action_flag": 2, "user": 1, "change_message": "Changed number.", "object_repr": "Amphis 0 n\u00b08 : HSS (X2013, 2014-04-17)"}, "model": "admin.logentry", "pk": 32}, {"fields": {"content_type": 11, "object_id": "13", "action_time": "2015-03-15T14:09:45.215Z", "action_flag": 2, "user": 1, "change_message": "Changed number.", "object_repr": "Amphis 0 n\u00b09 : M\u00e9canique (X2013, 2014-04-17)"}, "model": "admin.logentry", "pk": 33}, {"fields": {"content_type": 11, "object_id": "14", "action_time": "2015-03-15T14:09:50.535Z", "action_flag": 2, "user": 1, "change_message": "Changed number.", "object_repr": "Amphis 0 n\u00b010 : \u00c9conomie (X2013, 2014-04-18)"}, "model": "admin.logentry", "pk": 34}, {"fields": {"content_type": 9, "object_id": "3", "action_time": "2015-03-15T14:10:44.293Z", "action_flag": 1, "user": 1, "change_message": "", "object_repr": "Conf\u00e9rences scientifiques (X2013)"}, "model": "admin.logentry", "pk": 35}, {"fields": {"content_type": 11, "object_id": "20", "action_time": "2015-03-15T14:11:28.690Z", "action_flag": 1, "user": 1, "change_message": "", "object_repr": "Conf\u00e9rences scientifiques n\u00b01 : Biologie (X2013, 2014-04-16)"}, "model": "admin.logentry", "pk": 36}, {"fields": {"content_type": 11, "object_id": "21", "action_time": "2015-03-15T14:11:44.587Z", "action_flag": 1, "user": 1, "change_message": "", "object_repr": "Conf\u00e9rences scientifiques n\u00b02 : \u00c9conomie (X2013, 2014-04-17)"}, "model": "admin.logentry", "pk": 37}, {"fields": {"content_type": 11, "object_id": "22", "action_time": "2015-03-15T14:12:02.263Z", "action_flag": 1, "user": 1, "change_message": "", "object_repr": "Conf\u00e9rences scientifiques n\u00b03 : Physique (X2013, 2014-04-24)"}, "model": "admin.logentry", "pk": 38}, {"fields": {"content_type": 11, "object_id": "23", "action_time": "2015-03-15T14:12:28.908Z", "action_flag": 1, "user": 1, "change_message": "", "object_repr": "Conf\u00e9rences scientifiques n\u00b04 : Chimie (X2013, 2014-04-30)"}, "model": "admin.logentry", "pk": 39}, {"fields": {"content_type": 11, "object_id": "24", "action_time": "2015-03-15T14:13:08.314Z", "action_flag": 1, "user": 1, "change_message": "", "object_repr": "Conf\u00e9rences scientifiques n\u00b05 : M\u00e9canique (X2013, 2014-05-15)"}, "model": "admin.logentry", "pk": 40}, {"fields": {"content_type": 11, "object_id": "25", "action_time": "2015-03-15T14:13:26.956Z", "action_flag": 1, "user": 1, "change_message": "", "object_repr": "Conf\u00e9rences scientifiques n\u00b06 : Math\u00e9matiques appliqu\u00e9es (X2013, 2014-05-22)"}, "model": "admin.logentry", "pk": 41}, {"fields": {"content_type": 11, "object_id": "26", "action_time": "2015-03-15T14:13:58.625Z", "action_flag": 1, "user": 1, "change_message": "", "object_repr": "Conf\u00e9rences scientifiques n\u00b07 : Math\u00e9matiques (X2013, 2014-06-05)"}, "model": "admin.logentry", "pk": 42}, {"fields": {"content_type": 11, "object_id": "27", "action_time": "2015-03-15T14:14:14.896Z", "action_flag": 1, "user": 1, "change_message": "", "object_repr": "Conf\u00e9rences scientifiques n\u00b08 : HSS (X2013, 2014-06-12)"}, "model": "admin.logentry", "pk": 43}, {"fields": {"content_type": 11, "object_id": "28", "action_time": "2015-03-15T14:14:36.065Z", "action_flag": 1, "user": 1, "change_message": "", "object_repr": "Conf\u00e9rences scientifiques n\u00b09 : Informatique (X2013, 2014-06-19)"}, "model": "admin.logentry", "pk": 44}, {"fields": {"content_type": 9, "object_id": "4", "action_time": "2015-03-15T20:49:53.999Z", "action_flag": 1, "user": 1, "change_message": "", "object_repr": "Amphis 0 (X2014)"}, "model": "admin.logentry", "pk": 45}, {"fields": {"content_type": 9, "object_id": "5", "action_time": "2015-03-15T20:50:02.134Z", "action_flag": 1, "user": 1, "change_message": "", "object_repr": "Conf\u00e9rences scientifiques (X2014)"}, "model": "admin.logentry", "pk": 46}, {"fields": {"content_type": 11, "object_id": "29", "action_time": "2015-03-15T20:50:42.618Z", "action_flag": 1, "user": 1, "change_message": "", "object_repr": "X2014 Amphis 0 n\u00b01 : Physique (2015-04-01)"}, "model": "admin.logentry", "pk": 47}, {"fields": {"content_type": 11, "object_id": "30", "action_time": "2015-03-15T20:50:57.236Z", "action_flag": 1, "user": 1, "change_message": "", "object_repr": "X2014 Amphis 0 n\u00b02 : Sport (2014-04-01)"}, "model": "admin.logentry", "pk": 48}, {"fields": {"content_type": 11, "object_id": "30", "action_time": "2015-03-15T20:51:15.987Z", "action_flag": 2, "user": 1, "change_message": "Changed date.", "object_repr": "X2014 Amphis 0 n\u00b02 : Sport (2015-04-01)"}, "model": "admin.logentry", "pk": 49}, {"fields": {"content_type": 11, "object_id": "31", "action_time": "2015-03-15T20:51:43.880Z", "action_flag": 1, "user": 1, "change_message": "", "object_repr": "X2014 Amphis 0 n\u00b03 : Informatique (2015-04-02)"}, "model": "admin.logentry", "pk": 50}, {"fields": {"content_type": 11, "object_id": "31", "action_time": "2015-03-15T20:51:58.279Z", "action_flag": 2, "user": 1, "change_message": "Changed amphi.", "object_repr": "X2014 Amphis 0 n\u00b03 : Informatique (2015-04-02)"}, "model": "admin.logentry", "pk": 51}, {"fields": {"content_type": 11, "object_id": "32", "action_time": "2015-03-15T20:52:16.906Z", "action_flag": 1, "user": 1, "change_message": "", "object_repr": "X2014 Amphis 0 n\u00b04 : Langues (2015-04-02)"}, "model": "admin.logentry", "pk": 52}, {"fields": {"content_type": 11, "object_id": "33", "action_time": "2015-03-15T20:52:33.879Z", "action_flag": 1, "user": 1, "change_message": "", "object_repr": "X2014 Amphis 0 n\u00b05 : Math\u00e9matiques (2015-04-03)"}, "model": "admin.logentry", "pk": 53}, {"fields": {"content_type": 11, "object_id": "34", "action_time": "2015-03-15T20:53:14.595Z", "action_flag": 1, "user": 1, "change_message": "", "object_repr": "X2014 Amphis 0 n\u00b06 : Math\u00e9matiques appliqu\u00e9es (2015-04-03)"}, "model": "admin.logentry", "pk": 54}, {"fields": {"content_type": 11, "object_id": "35", "action_time": "2015-03-15T20:53:54.999Z", "action_flag": 1, "user": 1, "change_message": "", "object_repr": "X2014 Amphis 0 n\u00b07 : Biologie (2015-04-08)"}, "model": "admin.logentry", "pk": 55}, {"fields": {"content_type": 11, "object_id": "36", "action_time": "2015-03-15T20:54:13.048Z", "action_flag": 1, "user": 1, "change_message": "", "object_repr": "X2014 Amphis 0 n\u00b08 : Chimie (2015-04-08)"}, "model": "admin.logentry", "pk": 56}, {"fields": {"content_type": 11, "object_id": "37", "action_time": "2015-03-15T20:55:17.712Z", "action_flag": 1, "user": 1, "change_message": "", "object_repr": "X2014 Amphis 0 n\u00b09 : HSS (2015-04-09)"}, "model": "admin.logentry", "pk": 57}, {"fields": {"content_type": 11, "object_id": "38", "action_time": "2015-03-15T20:55:44.668Z", "action_flag": 1, "user": 1, "change_message": "", "object_repr": "X2014 Amphis 0 n\u00b010 : M\u00e9canique (2015-04-09)"}, "model": "admin.logentry", "pk": 58}, {"fields": {"content_type": 11, "object_id": "39", "action_time": "2015-03-15T20:56:00.922Z", "action_flag": 1, "user": 1, "change_message": "", "object_repr": "X2014 Amphis 0 n\u00b011 : \u00c9conomie (2015-04-10)"}, "model": "admin.logentry", "pk": 59}, {"fields": {"content_type": 11, "object_id": "40", "action_time": "2015-03-15T21:24:28.741Z", "action_flag": 1, "user": 1, "change_message": "", "object_repr": "X2014 Conf\u00e9rences scientifiques n\u00b01 : \u00c9conomie (2014-04-08)"}, "model": "admin.logentry", "pk": 60}, {"fields": {"content_type": 11, "object_id": "41", "action_time": "2015-03-15T21:26:17.429Z", "action_flag": 1, "user": 1, "change_message": "", "object_repr": "X2014 Conf\u00e9rences scientifiques n\u00b02 : Math\u00e9matiques (2014-04-09)"}, "model": "admin.logentry", "pk": 61}, {"fields": {"content_type": 11, "object_id": "42", "action_time": "2015-03-15T21:26:34.535Z", "action_flag": 1, "user": 1, "change_message": "", "object_repr": "X2014 Conf\u00e9rences scientifiques n\u00b03 : Math\u00e9matiques appliqu\u00e9es (2014-04-23)"}, "model": "admin.logentry", "pk": 62}, {"fields": {"content_type": 11, "object_id": "43", "action_time": "2015-03-15T21:26:48.336Z", "action_flag": 1, "user": 1, "change_message": "", "object_repr": "X2014 Conf\u00e9rences scientifiques n\u00b04 : M\u00e9canique (2014-05-07)"}, "model": "admin.logentry", "pk": 63}, {"fields": {"content_type": 11, "object_id": "44", "action_time": "2015-03-15T21:27:17.329Z", "action_flag": 1, "user": 1, "change_message": "", "object_repr": "X2014 Conf\u00e9rences scientifiques n\u00b05 : Chimie (2014-06-04)"}, "model": "admin.logentry", "pk": 64}, {"fields": {"content_type": 11, "object_id": "45", "action_time": "2015-03-15T21:27:32.739Z", "action_flag": 1, "user": 1, "change_message": "", "object_repr": "X2014 Conf\u00e9rences scientifiques n\u00b06 : HSS (2014-06-09)"}, "model": "admin.logentry", "pk": 65}, {"fields": {"content_type": 11, "object_id": "46", "action_time": "2015-03-15T21:27:49.962Z", "action_flag": 1, "user": 1, "change_message": "", "object_repr": "X2014 Conf\u00e9rences scientifiques n\u00b07 : Physique (2015-06-16)"}, "model": "admin.logentry", "pk": 66}, {"fields": {"content_type": 11, "object_id": "47", "action_time": "2015-03-15T21:28:11.553Z", "action_flag": 1, "user": 1, "change_message": "", "object_repr": "X2014 Conf\u00e9rences scientifiques n\u00b08 : Biologie (2015-06-25)"}, "model": "admin.logentry", "pk": 67}, {"fields": {"content_type": 11, "object_id": "40", "action_time": "2015-03-15T21:28:36.475Z", "action_flag": 2, "user": 1, "change_message": "Changed date.", "object_repr": "X2014 Conf\u00e9rences scientifiques n\u00b01 : \u00c9conomie (2015-04-08)"}, "model": "admin.logentry", "pk": 68}, {"fields": {"content_type": 11, "object_id": "41", "action_time": "2015-03-15T21:28:45.605Z", "action_flag": 2, "user": 1, "change_message": "Changed date.", "object_repr": "X2014 Conf\u00e9rences scientifiques n\u00b02 : Math\u00e9matiques (2015-04-09)"}, "model": "admin.logentry", "pk": 69}, {"fields": {"content_type": 11, "object_id": "43", "action_time": "2015-03-15T21:28:53.287Z", "action_flag": 2, "user": 1, "change_message": "Changed date.", "object_repr": "X2014 Conf\u00e9rences scientifiques n\u00b04 : M\u00e9canique (2015-05-07)"}, "model": "admin.logentry", "pk": 70}, {"fields": {"content_type": 11, "object_id": "44", "action_time": "2015-03-15T21:29:02.891Z", "action_flag": 2, "user": 1, "change_message": "Changed date.", "object_repr": "X2014 Conf\u00e9rences scientifiques n\u00b05 : Chimie (2015-06-04)"}, "model": "admin.logentry", "pk": 71}, {"fields": {"content_type": 11, "object_id": "42", "action_time": "2015-03-15T21:29:11.991Z", "action_flag": 2, "user": 1, "change_message": "Changed date.", "object_repr": "X2014 Conf\u00e9rences scientifiques n\u00b03 : Math\u00e9matiques appliqu\u00e9es (2015-04-23)"}, "model": "admin.logentry", "pk": 72}, {"fields": {"content_type": 11, "object_id": "48", "action_time": "2015-03-15T21:29:51.992Z", "action_flag": 1, "user": 1, "change_message": "", "object_repr": "X2014 Conf\u00e9rences scientifiques n\u00b06 : Innovation (2015-06-06)"}, "model": "admin.logentry", "pk": 73}, {"fields": {"content_type": 11, "object_id": "48", "action_time": "2015-03-15T21:30:01.360Z", "action_flag": 2, "user": 1, "change_message": "Changed date.", "object_repr": "X2014 Conf\u00e9rences scientifiques n\u00b06 : Innovation (2015-06-11)"}, "model": "admin.logentry", "pk": 74}, {"fields": {"content_type": 11, "object_id": "48", "action_time": "2015-03-15T21:30:27.646Z", "action_flag": 2, "user": 1, "change_message": "Changed number.", "object_repr": "X2014 Conf\u00e9rences scientifiques n\u00b07 : Innovation (2015-06-11)"}, "model": "admin.logentry", "pk": 75}, {"fields": {"content_type": 11, "object_id": "46", "action_time": "2015-03-15T21:30:31.186Z", "action_flag": 2, "user": 1, "change_message": "Changed number.", "object_repr": "X2014 Conf\u00e9rences scientifiques n\u00b08 : Physique (2015-06-16)"}, "model": "admin.logentry", "pk": 76}, {"fields": {"content_type": 11, "object_id": "47", "action_time": "2015-03-15T21:30:35.246Z", "action_flag": 2, "user": 1, "change_message": "Changed number.", "object_repr": "X2014 Conf\u00e9rences scientifiques n\u00b09 : Biologie (2015-06-25)"}, "model": "admin.logentry", "pk": 77}, {"fields": {"content_type": 11, "object_id": "49", "action_time": "2015-03-15T21:30:49.050Z", "action_flag": 1, "user": 1, "change_message": "", "object_repr": "X2014 Conf\u00e9rences scientifiques n\u00b06 : HSS (2015-06-09)"}, "model": "admin.logentry", "pk": 78}]