[{"pk": 1, "model": "contenttypes.contenttype", "fields": {"app_label": "admin", "name": "log entry", "model": "logentry"}}, {"pk": 2, "model": "contenttypes.contenttype", "fields": {"app_label": "auth", "name": "permission", "model": "permission"}}, {"pk": 3, "model": "contenttypes.contenttype", "fields": {"app_label": "auth", "name": "group", "model": "group"}}, {"pk": 4, "model": "contenttypes.contenttype", "fields": {"app_label": "auth", "name": "user", "model": "user"}}, {"pk": 5, "model": "contenttypes.contenttype", "fields": {"app_label": "contenttypes", "name": "content type", "model": "contenttype"}}, {"pk": 6, "model": "contenttypes.contenttype", "fields": {"app_label": "sessions", "name": "session", "model": "session"}}, {"pk": 7, "model": "contenttypes.contenttype", "fields": {"app_label": "census", "name": "Promotion", "model": "promotion"}}, {"pk": 8, "model": "contenttypes.contenttype", "fields": {"app_label": "census", "name": "Amphith\u00e9\u00e2tre", "model": "amphi"}}, {"pk": 9, "model": "contenttypes.contenttype", "fields": {"app_label": "census", "name": "Cours", "model": "course"}}, {"pk": 10, "model": "contenttypes.contenttype", "fields": {"app_label": "census", "name": "Professeur", "model": "professor"}}, {"pk": 11, "model": "contenttypes.contenttype", "fields": {"app_label": "census", "name": "S\u00e9ance", "model": "lesson"}}, {"pk": 12, "model": "contenttypes.contenttype", "fields": {"app_label": "census", "name": "Comptage", "model": "count"}}, {"pk": "98ueh4kghplwlp76yzevaqzmdkx80zr2", "model": "sessions.session", "fields": {"expire_date": "2015-03-29T12:58:43.896Z", "session_data": "MzFlYjZlMzAwMDdkOWE5MTg0NzIyN2Y3MjliYjBiNWEwM2MwYzAyNDp7Il9hdXRoX3VzZXJfaWQiOjEsIl9hdXRoX3VzZXJfYmFja2VuZCI6ImRqYW5nby5jb250cmliLmF1dGguYmFja2VuZHMuTW9kZWxCYWNrZW5kIiwiX2F1dGhfdXNlcl9oYXNoIjoiNzQ0ZjE0YjdmZWNhM2M4NzVhODNiMTQwZWEwZmQ5YzA5MTQ2ZDAyZSJ9"}}, {"pk": 1, "model": "census.promotion", "fields": {"number": 2013}}, {"pk": 2, "model": "census.promotion", "fields": {"number": 2014}}, {"pk": 1, "model": "census.amphi", "fields": {"name": "Arago", "capacity": 519}}, {"pk": 2, "model": "census.amphi", "fields": {"name": "Poincar\u00e9", "capacity": 780}}, {"pk": 1, "model": "census.course", "fields": {"promotion": 1, "name": "HSS431", "enrolled": 503}}, {"pk": 2, "model": "census.course", "fields": {"promotion": 1, "name": "Amphis 0", "enrolled": 503}}, {"pk": 3, "model": "census.course", "fields": {"promotion": 1, "name": "Conf\u00e9rences scientifiques", "enrolled": 503}}, {"pk": 1, "model": "census.professor", "fields": {"name": "Michael Foessel"}}, {"pk": 2, "model": "census.professor", "fields": {"name": "Alain Finkelkraut"}}, {"pk": 1, "model": "census.lesson", "fields": {"professor": 1, "number": 1, "course": 1, "title": "", "date": "2014-08-28", "amphi": 1}}, {"pk": 2, "model": "census.lesson", "fields": {"professor": 1, "number": 2, "course": 1, "title": "", "date": "2014-09-04", "amphi": 1}}, {"pk": 3, "model": "census.lesson", "fields": {"professor": 1, "number": 3, "course": 1, "title": "", "date": "2014-09-11", "amphi": 1}}, {"pk": 4, "model": "census.lesson", "fields": {"professor": 1, "number": 4, "course": 1, "title": "", "date": "2014-09-18", "amphi": 1}}, {"pk": 5, "model": "census.lesson", "fields": {"professor": 1, "number": 5, "course": 1, "title": "", "date": "2014-09-25", "amphi": 1}}, {"pk": 6, "model": "census.lesson", "fields": {"professor": 1, "number": 6, "course": 1, "title": "", "date": "2014-10-02", "amphi": 1}}, {"pk": 7, "model": "census.lesson", "fields": {"professor": 2, "number": 7, "course": 1, "title": "", "date": "2014-10-09", "amphi": 1}}, {"pk": 8, "model": "census.lesson", "fields": {"professor": 2, "number": 8, "course": 1, "title": "The Finkie show", "date": "2014-10-23", "amphi": 1}}, {"pk": 9, "model": "census.lesson", "fields": {"professor": 1, "number": 9, "course": 1, "title": "", "date": "2014-11-06", "amphi": 1}}, {"pk": 10, "model": "census.lesson", "fields": {"professor": null, "number": 6, "course": 2, "title": "Biologie", "date": "2014-04-16", "amphi": 2}}, {"pk": 11, "model": "census.lesson", "fields": {"professor": null, "number": 7, "course": 2, "title": "Chimie", "date": "2014-04-16", "amphi": 2}}, {"pk": 12, "model": "census.lesson", "fields": {"professor": null, "number": 8, "course": 2, "title": "HSS", "date": "2014-04-17", "amphi": 2}}, {"pk": 13, "model": "census.lesson", "fields": {"professor": null, "number": 9, "course": 2, "title": "M\u00e9canique", "date": "2014-04-17", "amphi": 2}}, {"pk": 14, "model": "census.lesson", "fields": {"professor": null, "number": 10, "course": 2, "title": "\u00c9conomie", "date": "2014-04-18", "amphi": 2}}, {"pk": 15, "model": "census.lesson", "fields": {"professor": null, "number": 1, "course": 2, "title": "Physique", "date": "2014-04-09", "amphi": 2}}, {"pk": 16, "model": "census.lesson", "fields": {"professor": null, "number": 2, "course": 2, "title": "Sport", "date": "2014-04-09", "amphi": 2}}, {"pk": 17, "model": "census.lesson", "fields": {"professor": null, "number": 3, "course": 2, "title": "Informatique", "date": "2014-04-10", "amphi": 2}}, {"pk": 18, "model": "census.lesson", "fields": {"professor": null, "number": 4, "course": 2, "title": "Langues", "date": "2014-04-10", "amphi": 2}}, {"pk": 19, "model": "census.lesson", "fields": {"professor": null, "number": 5, "course": 2, "title": "Math\u00e9matiques", "date": "2014-04-11", "amphi": 2}}, {"pk": 20, "model": "census.lesson", "fields": {"professor": null, "number": 1, "course": 3, "title": "Biologie", "date": "2014-04-16", "amphi": 2}}, {"pk": 21, "model": "census.lesson", "fields": {"professor": null, "number": 2, "course": 3, "title": "\u00c9conomie", "date": "2014-04-17", "amphi": 2}}, {"pk": 22, "model": "census.lesson", "fields": {"professor": null, "number": 3, "course": 3, "title": "Physique", "date": "2014-04-24", "amphi": 2}}, {"pk": 23, "model": "census.lesson", "fields": {"professor": null, "number": 4, "course": 3, "title": "Chimie", "date": "2014-04-30", "amphi": 2}}, {"pk": 24, "model": "census.lesson", "fields": {"professor": null, "number": 5, "course": 3, "title": "M\u00e9canique", "date": "2014-05-15", "amphi": 1}}, {"pk": 25, "model": "census.lesson", "fields": {"professor": null, "number": 6, "course": 3, "title": "Math\u00e9matiques appliqu\u00e9es", "date": "2014-05-22", "amphi": 1}}, {"pk": 26, "model": "census.lesson", "fields": {"professor": null, "number": 7, "course": 3, "title": "Math\u00e9matiques", "date": "2014-06-05", "amphi": 1}}, {"pk": 27, "model": "census.lesson", "fields": {"professor": null, "number": 8, "course": 3, "title": "HSS", "date": "2014-06-12", "amphi": 1}}, {"pk": 28, "model": "census.lesson", "fields": {"professor": null, "number": 9, "course": 3, "title": "Informatique", "date": "2014-06-19", "amphi": 1}}, {"pk": 1, "model": "census.count", "fields": {"census": 430, "lesson": 1, "comment": "", "signature": "LAPI", "date": "2015-03-15T13:07:35.543Z"}}, {"pk": 2, "model": "census.count", "fields": {"census": 333, "lesson": 2, "comment": "", "signature": "LAPI", "date": "2015-03-15T13:14:26.138Z"}}, {"pk": 3, "model": "census.count", "fields": {"census": 329, "lesson": 3, "comment": "", "signature": "LAPI", "date": "2015-03-15T13:14:58.774Z"}}, {"pk": 4, "model": "census.count", "fields": {"census": 325, "lesson": 4, "comment": "", "signature": "LAPI", "date": "2015-03-15T13:15:12.689Z"}}, {"pk": 5, "model": "census.count", "fields": {"census": 277, "lesson": 5, "comment": "", "signature": "LAPI", "date": "2015-03-15T13:15:24.296Z"}}, {"pk": 6, "model": "census.count", "fields": {"census": 218, "lesson": 6, "comment": "", "signature": "LAPI", "date": "2015-03-15T13:15:34.467Z"}}, {"pk": 7, "model": "census.count", "fields": {"census": 189, "lesson": 7, "comment": "", "signature": "LAPI", "date": "2015-03-15T13:15:50.786Z"}}, {"pk": 8, "model": "census.count", "fields": {"census": 233, "lesson": 8, "comment": "", "signature": "LAPI", "date": "2015-03-15T13:16:03.234Z"}}, {"pk": 9, "model": "census.count", "fields": {"census": 209, "lesson": 9, "comment": "", "signature": "LAPI", "date": "2015-03-15T13:16:14.888Z"}}, {"pk": 10, "model": "census.count", "fields": {"census": 314, "lesson": 10, "comment": "", "signature": "LAPI", "date": "2015-03-15T14:01:59.791Z"}}, {"pk": 11, "model": "census.count", "fields": {"census": 273, "lesson": 11, "comment": "", "signature": "LAPI", "date": "2015-03-15T14:02:14.923Z"}}, {"pk": 12, "model": "census.count", "fields": {"census": 352, "lesson": 12, "comment": "", "signature": "LAPI", "date": "2015-03-15T14:02:53.128Z"}}, {"pk": 13, "model": "census.count", "fields": {"census": 349, "lesson": 13, "comment": "", "signature": "LAPI", "date": "2015-03-15T14:04:07.978Z"}}, {"pk": 14, "model": "census.count", "fields": {"census": 369, "lesson": 14, "comment": "", "signature": "LAPI", "date": "2015-03-15T14:04:20.386Z"}}, {"pk": 15, "model": "census.count", "fields": {"census": 378, "lesson": 21, "comment": "", "signature": "LAPI", "date": "2015-03-15T14:15:55.315Z"}}, {"pk": 1, "model": "auth.permission", "fields": {"name": "Can add log entry", "content_type": 1, "codename": "add_logentry"}}, {"pk": 2, "model": "auth.permission", "fields": {"name": "Can change log entry", "content_type": 1, "codename": "change_logentry"}}, {"pk": 3, "model": "auth.permission", "fields": {"name": "Can delete log entry", "content_type": 1, "codename": "delete_logentry"}}, {"pk": 4, "model": "auth.permission", "fields": {"name": "Can add permission", "content_type": 2, "codename": "add_permission"}}, {"pk": 5, "model": "auth.permission", "fields": {"name": "Can change permission", "content_type": 2, "codename": "change_permission"}}, {"pk": 6, "model": "auth.permission", "fields": {"name": "Can delete permission", "content_type": 2, "codename": "delete_permission"}}, {"pk": 7, "model": "auth.permission", "fields": {"name": "Can add group", "content_type": 3, "codename": "add_group"}}, {"pk": 8, "model": "auth.permission", "fields": {"name": "Can change group", "content_type": 3, "codename": "change_group"}}, {"pk": 9, "model": "auth.permission", "fields": {"name": "Can delete group", "content_type": 3, "codename": "delete_group"}}, {"pk": 10, "model": "auth.permission", "fields": {"name": "Can add user", "content_type": 4, "codename": "add_user"}}, {"pk": 11, "model": "auth.permission", "fields": {"name": "Can change user", "content_type": 4, "codename": "change_user"}}, {"pk": 12, "model": "auth.permission", "fields": {"name": "Can delete user", "content_type": 4, "codename": "delete_user"}}, {"pk": 13, "model": "auth.permission", "fields": {"name": "Can add content type", "content_type": 5, "codename": "add_contenttype"}}, {"pk": 14, "model": "auth.permission", "fields": {"name": "Can change content type", "content_type": 5, "codename": "change_contenttype"}}, {"pk": 15, "model": "auth.permission", "fields": {"name": "Can delete content type", "content_type": 5, "codename": "delete_contenttype"}}, {"pk": 16, "model": "auth.permission", "fields": {"name": "Can add session", "content_type": 6, "codename": "add_session"}}, {"pk": 17, "model": "auth.permission", "fields": {"name": "Can change session", "content_type": 6, "codename": "change_session"}}, {"pk": 18, "model": "auth.permission", "fields": {"name": "Can delete session", "content_type": 6, "codename": "delete_session"}}, {"pk": 19, "model": "auth.permission", "fields": {"name": "Can add Promotion", "content_type": 7, "codename": "add_promotion"}}, {"pk": 20, "model": "auth.permission", "fields": {"name": "Can change Promotion", "content_type": 7, "codename": "change_promotion"}}, {"pk": 21, "model": "auth.permission", "fields": {"name": "Can delete Promotion", "content_type": 7, "codename": "delete_promotion"}}, {"pk": 22, "model": "auth.permission", "fields": {"name": "Can add Amphith\u00e9\u00e2tre", "content_type": 8, "codename": "add_amphi"}}, {"pk": 23, "model": "auth.permission", "fields": {"name": "Can change Amphith\u00e9\u00e2tre", "content_type": 8, "codename": "change_amphi"}}, {"pk": 24, "model": "auth.permission", "fields": {"name": "Can delete Amphith\u00e9\u00e2tre", "content_type": 8, "codename": "delete_amphi"}}, {"pk": 25, "model": "auth.permission", "fields": {"name": "Can add Cours", "content_type": 9, "codename": "add_course"}}, {"pk": 26, "model": "auth.permission", "fields": {"name": "Can change Cours", "content_type": 9, "codename": "change_course"}}, {"pk": 27, "model": "auth.permission", "fields": {"name": "Can delete Cours", "content_type": 9, "codename": "delete_course"}}, {"pk": 28, "model": "auth.permission", "fields": {"name": "Can add Professeur", "content_type": 10, "codename": "add_professor"}}, {"pk": 29, "model": "auth.permission", "fields": {"name": "Can change Professeur", "content_type": 10, "codename": "change_professor"}}, {"pk": 30, "model": "auth.permission", "fields": {"name": "Can delete Professeur", "content_type": 10, "codename": "delete_professor"}}, {"pk": 31, "model": "auth.permission", "fields": {"name": "Can add S\u00e9ance", "content_type": 11, "codename": "add_lesson"}}, {"pk": 32, "model": "auth.permission", "fields": {"name": "Can change S\u00e9ance", "content_type": 11, "codename": "change_lesson"}}, {"pk": 33, "model": "auth.permission", "fields": {"name": "Can delete S\u00e9ance", "content_type": 11, "codename": "delete_lesson"}}, {"pk": 34, "model": "auth.permission", "fields": {"name": "Can add Comptage", "content_type": 12, "codename": "add_count"}}, {"pk": 35, "model": "auth.permission", "fields": {"name": "Can change Comptage", "content_type": 12, "codename": "change_count"}}, {"pk": 36, "model": "auth.permission", "fields": {"name": "Can delete Comptage", "content_type": 12, "codename": "delete_count"}}, {"pk": 1, "model": "auth.user", "fields": {"is_active": true, "is_staff": true, "email": "denis.merigoux@polytechnique.edu", "username": "denis.merigoux", "first_name": "", "is_superuser": true, "last_login": "2015-03-15T12:58:43.694Z", "last_name": "", "date_joined": "2015-03-15T12:58:29.373Z", "user_permissions": [], "password": "pbkdf2_sha256$15000$xPp9DBdtJfn7$BKxpb9AsDJzM1xkhAMYhBRcvxG4wGNIWsQwY2knwg2o=", "groups": []}}, {"pk": 1, "model": "admin.logentry", "fields": {"action_time": "2015-03-15T12:59:02.975Z", "object_id": "1", "object_repr": "Arago", "action_flag": 1, "change_message": "", "content_type": 8, "user": 1}}, {"pk": 2, "model": "admin.logentry", "fields": {"action_time": "2015-03-15T12:59:18.810Z", "object_id": "2", "object_repr": "Poincar\u00e9", "action_flag": 1, "change_message": "", "content_type": 8, "user": 1}}, {"pk": 3, "model": "admin.logentry", "fields": {"action_time": "2015-03-15T12:59:26.454Z", "object_id": "1", "object_repr": "X2013", "action_flag": 1, "change_message": "", "content_type": 7, "user": 1}}, {"pk": 4, "model": "admin.logentry", "fields": {"action_time": "2015-03-15T12:59:29.543Z", "object_id": "2", "object_repr": "X2014", "action_flag": 1, "change_message": "", "content_type": 7, "user": 1}}, {"pk": 5, "model": "admin.logentry", "fields": {"action_time": "2015-03-15T13:00:03.024Z", "object_id": "1", "object_repr": "HSS431 (X2013)", "action_flag": 1, "change_message": "", "content_type": 9, "user": 1}}, {"pk": 6, "model": "admin.logentry", "fields": {"action_time": "2015-03-15T13:00:41.455Z", "object_id": "1", "object_repr": "Michael Foessel", "action_flag": 1, "change_message": "", "content_type": 10, "user": 1}}, {"pk": 7, "model": "admin.logentry", "fields": {"action_time": "2015-03-15T13:01:47.100Z", "object_id": "1", "object_repr": "HSS431 n\u00b01 :  (X2013, 2014-08-28)", "action_flag": 1, "change_message": "", "content_type": 11, "user": 1}}, {"pk": 8, "model": "admin.logentry", "fields": {"action_time": "2015-03-15T13:02:00.953Z", "object_id": "2", "object_repr": "HSS431 n\u00b02 :  (X2013, 2014-09-04)", "action_flag": 1, "change_message": "", "content_type": 11, "user": 1}}, {"pk": 9, "model": "admin.logentry", "fields": {"action_time": "2015-03-15T13:02:17.208Z", "object_id": "3", "object_repr": "HSS431 n\u00b03 :  (X2013, 2014-09-11)", "action_flag": 1, "change_message": "", "content_type": 11, "user": 1}}, {"pk": 10, "model": "admin.logentry", "fields": {"action_time": "2015-03-15T13:02:30.811Z", "object_id": "4", "object_repr": "HSS431 n\u00b04 :  (X2013, 2014-09-18)", "action_flag": 1, "change_message": "", "content_type": 11, "user": 1}}, {"pk": 11, "model": "admin.logentry", "fields": {"action_time": "2015-03-15T13:02:46.817Z", "object_id": "5", "object_repr": "HSS431 n\u00b05 :  (X2013, 2014-09-25)", "action_flag": 1, "change_message": "", "content_type": 11, "user": 1}}, {"pk": 12, "model": "admin.logentry", "fields": {"action_time": "2015-03-15T13:02:59.251Z", "object_id": "6", "object_repr": "HSS431 n\u00b06 :  (X2013, 2014-10-01)", "action_flag": 1, "change_message": "", "content_type": 11, "user": 1}}, {"pk": 13, "model": "admin.logentry", "fields": {"action_time": "2015-03-15T13:03:13.478Z", "object_id": "2", "object_repr": "Alain Finkelkraut", "action_flag": 1, "change_message": "", "content_type": 10, "user": 1}}, {"pk": 14, "model": "admin.logentry", "fields": {"action_time": "2015-03-15T13:04:17.225Z", "object_id": "7", "object_repr": "HSS431 n\u00b07 :  (X2013, 2014-10-09)", "action_flag": 1, "change_message": "", "content_type": 11, "user": 1}}, {"pk": 15, "model": "admin.logentry", "fields": {"action_time": "2015-03-15T13:04:26.327Z", "object_id": "6", "object_repr": "HSS431 n\u00b06 :  (X2013, 2014-10-02)", "action_flag": 2, "change_message": "Changed date.", "content_type": 11, "user": 1}}, {"pk": 16, "model": "admin.logentry", "fields": {"action_time": "2015-03-15T13:04:55.783Z", "object_id": "8", "object_repr": "HSS431 n\u00b08 : The Finkie show (X2013, 2014-10-23)", "action_flag": 1, "change_message": "", "content_type": 11, "user": 1}}, {"pk": 17, "model": "admin.logentry", "fields": {"action_time": "2015-03-15T13:05:23.928Z", "object_id": "9", "object_repr": "HSS431 n\u00b09 :  (X2013, 2014-11-06)", "action_flag": 1, "change_message": "", "content_type": 11, "user": 1}}, {"pk": 18, "model": "admin.logentry", "fields": {"action_time": "2015-03-15T13:07:35.543Z", "object_id": "1", "object_repr": "HSS431 n\u00b01 :  (X2013, 2014-08-28) : 430/503", "action_flag": 1, "change_message": "", "content_type": 12, "user": 1}}, {"pk": 19, "model": "admin.logentry", "fields": {"action_time": "2015-03-15T13:56:19.253Z", "object_id": "2", "object_repr": "Amphis 0 (X2013)", "action_flag": 1, "change_message": "", "content_type": 9, "user": 1}}, {"pk": 20, "model": "admin.logentry", "fields": {"action_time": "2015-03-15T13:57:45.354Z", "object_id": "10", "object_repr": "Amphis 0 n\u00b01 : Biologie (X2013, 2014-04-16)", "action_flag": 1, "change_message": "", "content_type": 11, "user": 1}}, {"pk": 21, "model": "admin.logentry", "fields": {"action_time": "2015-03-15T13:58:01.749Z", "object_id": "11", "object_repr": "Amphis 0 n\u00b02 : Chimie (X2013, 2014-04-16)", "action_flag": 1, "change_message": "", "content_type": 11, "user": 1}}, {"pk": 22, "model": "admin.logentry", "fields": {"action_time": "2015-03-15T13:59:00.421Z", "object_id": "12", "object_repr": "Amphis 0 n\u00b03 : HSS (X2013, 2014-04-17)", "action_flag": 1, "change_message": "", "content_type": 11, "user": 1}}, {"pk": 23, "model": "admin.logentry", "fields": {"action_time": "2015-03-15T13:59:35.116Z", "object_id": "13", "object_repr": "Amphis 0 n\u00b04 : M\u00e9canique (X2013, 2014-04-17)", "action_flag": 1, "change_message": "", "content_type": 11, "user": 1}}, {"pk": 24, "model": "admin.logentry", "fields": {"action_time": "2015-03-15T13:59:54.210Z", "object_id": "14", "object_repr": "Amphis 0 n\u00b05 : \u00c9conomie (X2013, 2014-04-18)", "action_flag": 1, "change_message": "", "content_type": 11, "user": 1}}, {"pk": 25, "model": "admin.logentry", "fields": {"action_time": "2015-03-15T14:07:42.643Z", "object_id": "15", "object_repr": "Amphis 0 n\u00b01 : Physique (X2013, 2014-04-09)", "action_flag": 1, "change_message": "", "content_type": 11, "user": 1}}, {"pk": 26, "model": "admin.logentry", "fields": {"action_time": "2015-03-15T14:07:58.649Z", "object_id": "16", "object_repr": "Amphis 0 n\u00b02 : Sport (X2013, 2014-04-09)", "action_flag": 1, "change_message": "", "content_type": 11, "user": 1}}, {"pk": 27, "model": "admin.logentry", "fields": {"action_time": "2015-03-15T14:08:14.281Z", "object_id": "17", "object_repr": "Amphis 0 n\u00b03 : Informatique (X2013, 2014-04-10)", "action_flag": 1, "change_message": "", "content_type": 11, "user": 1}}, {"pk": 28, "model": "admin.logentry", "fields": {"action_time": "2015-03-15T14:08:30.489Z", "object_id": "18", "object_repr": "Amphis 0 n\u00b04 : Langues (X2013, 2014-04-10)", "action_flag": 1, "change_message": "", "content_type": 11, "user": 1}}, {"pk": 29, "model": "admin.logentry", "fields": {"action_time": "2015-03-15T14:08:51.690Z", "object_id": "19", "object_repr": "Amphis 0 n\u00b05 : Math\u00e9matiques (X2013, 2014-04-11)", "action_flag": 1, "change_message": "", "content_type": 11, "user": 1}}, {"pk": 30, "model": "admin.logentry", "fields": {"action_time": "2015-03-15T14:09:03.811Z", "object_id": "10", "object_repr": "Amphis 0 n\u00b06 : Biologie (X2013, 2014-04-16)", "action_flag": 2, "change_message": "Changed number.", "content_type": 11, "user": 1}}, {"pk": 31, "model": "admin.logentry", "fields": {"action_time": "2015-03-15T14:09:28.242Z", "object_id": "11", "object_repr": "Amphis 0 n\u00b07 : Chimie (X2013, 2014-04-16)", "action_flag": 2, "change_message": "Changed number.", "content_type": 11, "user": 1}}, {"pk": 32, "model": "admin.logentry", "fields": {"action_time": "2015-03-15T14:09:36.541Z", "object_id": "12", "object_repr": "Amphis 0 n\u00b08 : HSS (X2013, 2014-04-17)", "action_flag": 2, "change_message": "Changed number.", "content_type": 11, "user": 1}}, {"pk": 33, "model": "admin.logentry", "fields": {"action_time": "2015-03-15T14:09:45.215Z", "object_id": "13", "object_repr": "Amphis 0 n\u00b09 : M\u00e9canique (X2013, 2014-04-17)", "action_flag": 2, "change_message": "Changed number.", "content_type": 11, "user": 1}}, {"pk": 34, "model": "admin.logentry", "fields": {"action_time": "2015-03-15T14:09:50.535Z", "object_id": "14", "object_repr": "Amphis 0 n\u00b010 : \u00c9conomie (X2013, 2014-04-18)", "action_flag": 2, "change_message": "Changed number.", "content_type": 11, "user": 1}}, {"pk": 35, "model": "admin.logentry", "fields": {"action_time": "2015-03-15T14:10:44.293Z", "object_id": "3", "object_repr": "Conf\u00e9rences scientifiques (X2013)", "action_flag": 1, "change_message": "", "content_type": 9, "user": 1}}, {"pk": 36, "model": "admin.logentry", "fields": {"action_time": "2015-03-15T14:11:28.690Z", "object_id": "20", "object_repr": "Conf\u00e9rences scientifiques n\u00b01 : Biologie (X2013, 2014-04-16)", "action_flag": 1, "change_message": "", "content_type": 11, "user": 1}}, {"pk": 37, "model": "admin.logentry", "fields": {"action_time": "2015-03-15T14:11:44.587Z", "object_id": "21", "object_repr": "Conf\u00e9rences scientifiques n\u00b02 : \u00c9conomie (X2013, 2014-04-17)", "action_flag": 1, "change_message": "", "content_type": 11, "user": 1}}, {"pk": 38, "model": "admin.logentry", "fields": {"action_time": "2015-03-15T14:12:02.263Z", "object_id": "22", "object_repr": "Conf\u00e9rences scientifiques n\u00b03 : Physique (X2013, 2014-04-24)", "action_flag": 1, "change_message": "", "content_type": 11, "user": 1}}, {"pk": 39, "model": "admin.logentry", "fields": {"action_time": "2015-03-15T14:12:28.908Z", "object_id": "23", "object_repr": "Conf\u00e9rences scientifiques n\u00b04 : Chimie (X2013, 2014-04-30)", "action_flag": 1, "change_message": "", "content_type": 11, "user": 1}}, {"pk": 40, "model": "admin.logentry", "fields": {"action_time": "2015-03-15T14:13:08.314Z", "object_id": "24", "object_repr": "Conf\u00e9rences scientifiques n\u00b05 : M\u00e9canique (X2013, 2014-05-15)", "action_flag": 1, "change_message": "", "content_type": 11, "user": 1}}, {"pk": 41, "model": "admin.logentry", "fields": {"action_time": "2015-03-15T14:13:26.956Z", "object_id": "25", "object_repr": "Conf\u00e9rences scientifiques n\u00b06 : Math\u00e9matiques appliqu\u00e9es (X2013, 2014-05-22)", "action_flag": 1, "change_message": "", "content_type": 11, "user": 1}}, {"pk": 42, "model": "admin.logentry", "fields": {"action_time": "2015-03-15T14:13:58.625Z", "object_id": "26", "object_repr": "Conf\u00e9rences scientifiques n\u00b07 : Math\u00e9matiques (X2013, 2014-06-05)", "action_flag": 1, "change_message": "", "content_type": 11, "user": 1}}, {"pk": 43, "model": "admin.logentry", "fields": {"action_time": "2015-03-15T14:14:14.896Z", "object_id": "27", "object_repr": "Conf\u00e9rences scientifiques n\u00b08 : HSS (X2013, 2014-06-12)", "action_flag": 1, "change_message": "", "content_type": 11, "user": 1}}, {"pk": 44, "model": "admin.logentry", "fields": {"action_time": "2015-03-15T14:14:36.065Z", "object_id": "28", "object_repr": "Conf\u00e9rences scientifiques n\u00b09 : Informatique (X2013, 2014-06-19)", "action_flag": 1, "change_message": "", "content_type": 11, "user": 1}}]